{
  "en": {
    "brand": "Aurielle",
    "slogan": "Quiet luxury in every touch",
    "hero_cta": "Discover the Collection",
    "nav_products": "Products",
    "nav_about": "About",
    "nav_contact": "Contact",
    "nav_menu": "Menu",
    "switch_lang": "العربية",
    "products": "Products",
    "about": "About",
    "contact": "Contact",
    "about_title": "About Aurielle",
    "about_body": "Born in Paris, refined in Dubai — Aurielle crafts couture cosmetics that honor ritual and restraint. Our formulas are clean, high-performance, and sensorial by design.",
    "values_title": "Our Values",
    "values_list": [
      "Dermatologist-tested",
      "Cruelty-free",
      "Responsible minerals",
      "Recyclable packaging"
    ],
    "related": "Related",
    "ingredients": "Ingredients",
    "benefits": "Benefits",
    "share": "Share",
    "contact_title": "Get in touch",
    "email_label": "Email",
    "message_label": "Message",
    "email_placeholder": "you@example.com",
    "message_placeholder": "Hello Aurielle...",
    "send": "Send",
    "whatsapp": "Chat on WhatsApp",
    "copy_email": "Copy Email",
    "copied": "Copied",
    "copyright": "All rights reserved.",
    "back_to_top": "Back to top",
    "meta_home": "Aurielle — Quiet luxury in every touch",
    "meta_about": "Aurielle — About",
    "meta_contact": "Aurielle — Contact",
    "language_dropdown_label": "Language",
    "product_meta_suffix": "— Aurielle"
  },
  "ar": {
    "brand": "أورييل",
    "slogan": "فخامة هادئة في كل لمسة",
    "hero_cta": "اكتشف المجموعة",
    "nav_products": "المنتجات",
    "nav_about": "من نحن",
    "nav_contact": "اتصل بنا",
    "nav_menu": "القائمة",
    "switch_lang": "English",
    "products": "المنتجات",
    "about": "من نحن",
    "contact": "اتصل بنا",
    "about_title": "عن أورييل",
    "about_body": "وُلدت في باريس وتألقت في دبي — تصنع أورييل مستحضرات تجميل راقية تُجسّد الطقوس والرقي. تركيباتنا نظيفة وعالية الأداء وغنية بالإحساس.",
    "values_title": "قيمنا",
    "values_list": [
      "مختبرة جلدياً",
      "غير مُجرّبة على الحيوانات",
      "معادن مسؤولة",
      "عبوات قابلة لإعادة التدوير"
    ],
    "related": "منتجات ذات صلة",
    "ingredients": "المكونات",
    "benefits": "الفوائد",
    "share": "مشاركة",
    "contact_title": "تواصل معنا",
    "email_label": "البريد الإلكتروني",
    "message_label": "الرسالة",
    "email_placeholder": "you@example.com",
    "message_placeholder": "مرحباً أورييل...",
    "send": "إرسال",
    "whatsapp": "الدردشة على واتساب",
    "copy_email": "نسخ البريد",
    "copied": "تم النسخ",
    "copyright": "جميع الحقوق محفوظة.",
    "back_to_top": "العودة للأعلى",
    "meta_home": "أورييل — فخامة هادئة في كل لمسة",
    "meta_about": "أورييل — من نحن",
    "meta_contact": "أورييل — اتصل بنا",
    "language_dropdown_label": "اللغة",
    "product_meta_suffix": "— أورييل"
  }
}